date,open,high,low,close,volume
2021-05-07,357.5,362.0,353.0,358.25,38357618.0
2021-05-10,360.5,367.0,358.8,361.7,41739324.0
2021-05-11,356.85,366.4,354.75,364.65,41892770.0
2021-05-12,362.8,373.5,361.9,367.7,53436590.0
2021-05-14,370.0,372.5,359.55,360.45,51722170.0
2021-05-17,364.4,385.2,363.65,383.1,106555796.0
2021-05-18,390.0,392.55,380.05,382.25,70917710.0
2021-05-19,382.0,389.5,381.2,384.4,48189573.0
2021-05-20,387.0,387.8,382.0,384.55,42898608.0
2021-05-21,390.0,404.4,378.0,401.2,192810772.0
2021-05-24,417.0,419.2,405.3,412.05,142964052.0
2021-05-25,415.1,415.5,408.5,412.35,56048127.0
2021-05-26,413.8,418.75,410.8,413.55,52357719.0
2021-05-27,413.7,429.1,412.0,425.2,73392997.0
2021-05-28,430.5,433.65,420.05,422.05,65137568.0
2021-05-31,421.0,426.0,418.0,424.35,38291043.0
2021-06-01,426.05,435.35,425.6,432.55,59299647.0
2021-06-02,430.8,437.95,429.15,437.25,38657806.0
2021-06-03,437.0,441.95,433.5,439.65,38909199.0
2021-06-04,437.5,441.9,431.75,433.6,36898769.0
2021-06-07,435.1,437.4,430.8,432.25,20201197.0
2021-06-08,432.25,432.5,424.0,427.2,31113823.0
2021-06-09,427.5,432.3,418.2,421.45,27784834.0
2021-06-10,424.9,433.3,422.4,432.25,27397712.0
2021-06-11,434.85,435.5,425.25,429.6,26831924.0
2021-06-14,427.0,432.45,416.7,430.35,30106015.0
2021-06-15,429.2,432.8,428.0,429.5,16413658.0
2021-06-16,428.0,432.75,425.0,425.95,19701175.0
2021-06-17,421.0,425.95,416.6,420.25,23048331.0
2021-06-18,423.9,423.9,402.65,412.9,45748727.0
2021-06-21,406.35,421.0,400.5,419.75,33128978.0
2021-06-22,423.0,425.45,417.3,418.65,28442965.0
2021-06-23,421.1,424.75,415.0,418.85,27564829.0
2021-06-24,420.35,422.75,416.3,417.2,19214547.0
2021-06-25,421.0,431.0,419.05,428.8,29886797.0
2021-06-28,430.7,433.15,424.55,426.75,29370660.0
2021-06-29,427.5,428.95,420.55,421.5,22275961.0
2021-06-30,423.0,424.9,418.3,419.2,18337773.0
2021-07-01,420.3,423.7,417.15,420.4,16161469.0
2021-07-02,420.3,425.4,419.0,424.4,16423811.0
2021-07-05,426.5,434.5,424.25,432.65,16483761.0
2021-07-06,431.7,436.5,428.2,429.75,20195278.0
2021-07-07,429.35,434.0,427.55,432.85,14473774.0
2021-07-08,432.8,435.4,422.1,424.45,21433043.0
2021-07-09,425.0,427.5,421.05,423.75,16844494.0
2021-07-12,426.5,430.25,424.6,427.45,12886781.0
2021-07-13,430.0,431.8,428.3,429.1,12831125.0
2021-07-14,429.0,432.3,426.4,431.05,12767351.0
2021-07-15,432.7,432.95,429.65,431.7,11030732.0
2021-07-16,432.0,432.5,427.45,430.0,8713863.0
2021-07-19,423.4,429.45,418.85,427.9,14426686.0
2021-07-20,427.0,427.0,418.9,420.9,14623321.0
2021-07-22,425.55,426.7,420.9,422.05,11799761.0
2021-07-23,422.9,429.95,419.5,428.9,17704661.0
2021-07-26,427.8,427.8,422.3,423.3,14037519.0
2021-07-27,424.15,433.25,424.0,429.95,24119619.0
2021-07-28,430.0,430.5,421.05,425.5,17636515.0
2021-07-29,426.0,443.6,425.5,441.55,35263606.0
2021-07-30,441.5,444.4,430.7,431.8,35196813.0
2021-08-02,434.75,436.7,431.8,434.9,16926025.0
2021-08-03,434.95,447.9,433.6,446.5,40922962.0
2021-08-04,448.65,467.45,441.5,456.95,129761158.0
2021-08-05,461.0,462.5,438.4,441.85,58595639.0
2021-08-06,443.7,447.0,434.0,435.65,38236066.0
2021-08-09,437.9,441.8,431.0,433.4,22196404.0
2021-08-10,434.4,436.4,421.7,426.45,27794251.0
2021-08-11,429.8,432.9,423.15,428.05,23827946.0
2021-08-12,430.0,430.45,425.0,427.15,16847144.0
2021-08-13,427.6,432.25,425.0,431.2,20908992.0
2021-08-16,430.0,434.0,424.0,424.85,17608693.0
2021-08-17,424.85,425.85,415.25,421.5,22957877.0
2021-08-18,422.15,424.35,418.0,419.7,17668574.0
2021-08-20,415.0,417.35,405.15,406.7,25541790.0
2021-08-23,411.1,413.0,401.25,409.5,26559937.0
2021-08-24,409.5,418.75,408.2,417.6,19012313.0
2021-08-25,419.0,421.3,414.3,416.25,16410980.0
2021-08-26,414.5,415.8,410.0,410.75,15897679.0
2021-08-27,410.35,414.35,407.5,412.45,15090541.0
2021-08-30,414.4,423.3,413.5,422.7,20308691.0
2021-08-31,423.85,427.0,418.7,426.05,26262421.0
2021-09-01,427.5,432.55,425.15,429.9,18776721.0
2021-09-02,431.4,433.5,427.75,429.75,14372717.0
2021-09-03,431.25,434.3,428.2,431.4,14233624.0
2021-09-06,432.0,433.85,430.05,431.05,10694099.0
2021-09-07,431.05,431.7,425.1,429.1,14928735.0
2021-09-08,429.0,435.4,427.35,431.35,22817464.0
2021-09-09,430.25,433.8,430.0,432.3,9662128.0
2021-09-13,430.1,433.8,428.8,432.85,9567921.0
2021-09-14,435.0,436.75,432.25,433.0,9981562.0
2021-09-15,433.0,445.0,431.45,443.85,22181568.0
2021-09-16,444.85,466.1,442.75,463.7,42637448.0
2021-09-17,468.0,471.9,450.35,454.1,41529478.0
2021-09-20,449.4,453.5,435.65,437.45,18376916.0
2021-09-21,440.15,441.35,432.65,438.8,17279588.0
2021-09-22,438.9,442.8,436.1,438.85,14321143.0
2021-09-23,442.4,451.15,442.05,449.8,20516770.0
2021-09-24,451.1,451.9,440.0,440.75,10731274.0
2021-09-27,444.9,450.55,442.25,446.6,11746892.0
2021-09-28,449.2,455.8,439.6,444.9,19241170.0
2021-09-29,441.85,462.3,439.1,460.0,38635938.0
2021-09-30,459.95,464.9,451.4,453.0,26530369.0
2021-10-01,448.5,455.55,443.8,451.65,14777309.0
2021-10-04,453.8,464.4,451.6,463.15,16246765.0
2021-10-05,462.0,469.0,458.7,464.7,16487568.0
2021-10-06,465.0,471.0,453.65,457.2,19056690.0
2021-10-07,462.1,464.0,457.1,457.9,9984651.0
2021-10-08,461.9,464.0,454.25,458.0,16521128.0
2021-10-11,460.0,474.95,458.65,469.25,20686981.0
2021-10-12,470.0,484.4,468.1,483.0,33763609.0
2021-10-13,486.15,486.15,478.0,481.7,17638983.0
2021-10-14,482.0,493.9,482.0,490.6,23431826.0
2021-10-18,494.0,501.0,491.7,497.95,20084248.0
2021-10-19,500.35,504.2,483.25,488.2,20645100.0
2021-10-20,488.8,507.5,483.1,499.9,34080545.0
2021-10-21,504.9,506.5,491.75,502.95,20808243.0
2021-10-22,504.6,508.7,500.0,502.95,24080485.0
2021-10-25,506.5,515.45,497.85,506.5,35619415.0
2021-10-26,507.6,518.2,507.6,512.55,21107457.0
2021-10-27,513.7,526.85,512.75,519.15,29463032.0
2021-10-28,519.6,520.55,497.6,501.35,28140401.0
2021-10-29,501.5,512.65,488.4,502.15,31355893.0
2021-11-01,508.5,516.95,501.0,515.7,20679604.0
2021-11-02,514.8,525.0,512.05,521.7,26797820.0
2021-11-03,524.0,542.3,515.2,527.65,80775924.0
2021-11-04,531.5,535.9,528.05,530.45,9796046.0
2021-11-08,534.45,534.45,516.45,523.25,36802110.0
2021-11-09,526.25,532.0,522.2,529.15,25451967.0
2021-11-10,525.55,528.5,521.5,524.4,15805538.0
2021-11-11,522.85,522.85,507.1,509.6,23086898.0
2021-11-12,512.0,513.0,502.7,511.35,19836221.0
2021-11-15,512.4,515.9,505.5,506.55,13328183.0
2021-11-16,507.4,507.4,493.5,495.1,19553216.0
2021-11-17,493.85,505.4,491.0,498.15,20488483.0
2021-11-18,499.1,506.2,492.3,503.8,22471070.0
2021-11-22,506.0,506.0,477.5,486.4,28800269.0
2021-11-23,485.25,495.4,480.0,493.05,20000371.0
2021-11-24,495.8,500.0,489.05,493.15,13963769.0
2021-11-25,490.0,495.45,486.3,490.55,12894211.0
2021-11-26,486.25,487.9,467.1,470.5,26305817.0
2021-11-29,470.0,477.75,454.3,465.1,22407465.0
2021-11-30,468.0,477.25,458.0,460.55,23026652.0
2021-12-01,464.45,477.25,464.0,475.3,17156956.0
2021-12-02,474.5,478.15,470.95,477.0,12962679.0
2021-12-03,475.75,481.5,470.05,473.15,16653993.0
2021-12-06,473.15,477.0,463.8,465.3,14353300.0
2021-12-07,469.2,479.7,469.2,476.7,13644942.0
2021-12-08,480.9,492.4,480.25,491.55,20397660.0
2021-12-09,492.3,493.5,486.1,488.65,12560970.0
2021-12-10,488.5,495.95,484.4,494.7,13261408.0
2021-12-13,497.75,500.45,486.35,487.8,14047645.0
2021-12-14,486.0,490.35,481.8,488.55,11642447.0
2021-12-15,490.0,491.0,483.5,484.8,8639835.0
2021-12-16,488.35,490.55,478.25,481.15,11107781.0
2021-12-17,480.05,481.4,466.5,467.8,12648603.0
2021-12-20,459.0,464.0,443.0,449.2,22336114.0
2021-12-21,457.05,458.25,444.5,446.0,16617447.0
2021-12-22,450.0,457.3,449.0,455.85,13102553.0
2021-12-23,461.0,465.0,457.75,461.8,14471377.0
2021-12-24,462.6,463.6,452.2,456.95,13221159.0
2021-12-27,453.7,460.5,450.55,458.05,8856482.0
2021-12-28,461.2,462.9,459.05,461.2,8832210.0
2021-12-29,461.0,462.15,451.4,454.4,11757303.0
2021-12-30,452.75,454.9,448.5,451.7,28879190.0
2021-12-31,454.25,461.4,453.1,460.45,10005842.0
2022-01-03,462.0,472.0,460.1,470.8,13124509.0
2022-01-04,472.5,484.7,471.05,483.5,23296671.0
2022-01-05,481.9,495.0,479.15,492.4,24694169.0
2022-01-06,487.7,494.4,485.4,491.7,18190843.0
2022-01-07,493.45,501.95,489.45,491.25,22746330.0
2022-01-10,493.35,504.95,492.5,503.65,15832274.0
2022-01-11,503.0,507.8,499.25,505.95,16107950.0
2022-01-12,509.9,513.5,508.5,510.25,14489616.0
2022-01-13,510.0,512.85,507.0,511.35,10450974.0
2022-01-14,509.0,510.35,505.15,508.35,8724574.0
2022-01-17,508.0,518.9,507.55,514.0,17422211.0
2022-01-18,514.0,517.45,505.0,506.8,12592506.0
2022-01-19,505.0,517.65,500.3,515.8,16079457.0
2022-01-20,516.0,519.15,508.0,511.4,17724642.0
2022-01-21,505.3,507.5,498.0,502.7,16947941.0
2022-01-24,502.4,506.8,488.0,494.15,20233933.0
2022-01-25,490.0,517.5,489.0,514.65,21791739.0
2022-01-27,503.55,530.85,503.2,528.95,35409230.0
2022-01-28,534.0,536.4,521.4,523.45,24715250.0
2022-01-31,529.0,540.9,527.05,538.3,28674232.0
2022-02-01,543.95,543.95,520.0,532.3,32245356.0
2022-02-02,536.65,544.25,531.35,539.8,21661864.0
2022-02-03,537.15,544.7,537.15,540.1,22717677.0
2022-02-04,542.15,546.4,527.3,530.3,25332894.0
2022-02-07,531.9,549.0,525.25,533.25,52289545.0
2022-02-08,535.5,537.65,519.0,531.35,26567546.0
2022-02-09,534.95,536.5,527.75,535.25,14856155.0
2022-02-10,537.1,543.95,534.4,540.55,18659370.0
2022-02-11,536.25,537.7,527.1,529.6,14607095.0
2022-02-14,515.0,515.6,499.7,501.4,26153332.0
2022-02-15,502.0,526.85,497.1,524.8,23842951.0
2022-02-16,526.5,528.0,514.0,516.7,19773807.0
2022-02-17,520.0,520.0,511.15,512.95,16408356.0
2022-02-18,510.1,520.9,510.1,515.3,15111223.0
2022-02-21,511.55,517.5,504.65,511.85,16866932.0
2022-02-22,500.9,505.3,495.5,498.4,27108772.0
2022-02-23,503.0,505.35,497.25,498.7,13899433.0
2022-02-24,480.0,487.95,468.0,472.65,32356037.0
2022-02-25,480.0,491.9,479.3,482.95,21792287.0
2022-02-28,476.9,485.3,473.1,483.2,18069367.0
2022-03-02,478.0,479.8,467.0,474.25,22003848.0
2022-03-03,480.0,483.4,464.6,467.4,20358590.0
2022-03-04,460.3,470.9,457.65,461.95,20684268.0
2022-03-07,447.5,453.95,433.45,440.3,33720472.0
2022-03-08,438.0,442.1,425.0,440.3,42510207.0
2022-03-09,442.0,454.3,438.55,451.7,32331325.0
2022-03-10,469.9,476.65,461.65,468.7,34553299.0
2022-03-11,466.4,474.8,462.0,470.35,22091309.0
2022-03-14,471.0,486.0,470.55,485.15,27750689.0
2022-03-15,489.0,490.5,480.65,485.85,27204899.0
2022-03-16,493.0,494.3,489.4,492.75,16211288.0
2022-03-17,499.0,503.5,498.3,501.9,22947673.0
2022-03-21,502.0,502.0,489.0,490.6,19064060.0
2022-03-22,490.6,495.8,477.25,493.7,26157969.0
2022-03-23,498.5,502.4,489.2,490.65,15800195.0
2022-03-24,485.0,494.8,483.5,487.1,18174877.0
2022-03-25,491.75,493.3,486.6,490.7,11541196.0
2022-03-28,490.95,498.6,481.95,497.5,16738684.0
2022-03-29,500.0,501.4,491.7,495.0,14301429.0
2022-03-30,499.3,500.4,492.3,494.3,16461225.0
2022-03-31,494.3,497.55,492.2,493.55,10240982.0
2022-04-01,491.0,509.75,491.0,508.2,18527226.0
2022-04-04,509.3,514.9,506.0,512.4,16257176.0
2022-04-05,514.4,516.4,507.7,509.4,13602384.0
2022-04-06,507.0,515.2,506.0,513.95,13738275.0
2022-04-07,510.05,519.9,510.05,514.95,19620958.0
2022-04-08,519.5,519.5,512.35,516.1,13572638.0
2022-04-11,513.5,522.0,513.2,514.9,12370288.0
2022-04-12,512.75,516.7,504.35,512.85,14460680.0
2022-04-13,514.3,520.9,513.75,517.7,15440525.0
2022-04-18,512.0,515.0,504.0,509.5,14492183.0
2022-04-19,513.25,520.95,505.1,511.8,20362934.0
2022-04-20,512.0,513.7,507.0,509.3,11881305.0
2022-04-21,513.4,518.0,512.2,516.3,10035638.0
2022-04-22,512.9,513.5,499.0,500.6,16760456.0
2022-04-25,495.0,499.2,490.05,494.75,14057444.0
2022-04-26,499.0,507.9,498.45,505.5,12137213.0
2022-04-27,500.0,502.8,491.85,497.25,12367342.0
2022-04-28,499.15,510.0,496.5,507.5,12154792.0
2022-04-29,508.1,512.5,494.0,496.3,12894773.0
2022-05-02,492.65,495.0,481.3,491.0,18590895.0
2022-05-04,492.0,496.45,477.5,479.65,14645323.0
2022-05-05,485.0,494.0,478.65,480.0,14130385.0
2022-05-06,471.0,486.1,471.0,483.95,16710020.0
2022-05-09,477.1,483.7,473.8,475.9,13544947.0
2022-05-10,477.0,482.55,473.5,475.2,10884328.0
2022-05-11,475.25,479.0,463.65,476.55,14771351.0
2022-05-12,473.0,473.0,456.35,462.65,18947096.0
2022-05-13,469.45,477.0,439.75,444.65,61403008.0
2022-05-16,445.0,461.5,438.85,455.0,27940958.0
2022-05-17,458.3,469.65,456.15,467.3,16880698.0
2022-05-18,467.9,468.6,457.1,458.0,15644497.0
2022-05-19,449.05,450.0,444.45,447.5,14201420.0
2022-05-20,454.85,464.0,454.15,462.4,13596860.0
2022-05-23,463.1,471.4,459.5,460.9,13499415.0
2022-05-24,462.4,466.8,460.2,462.05,17175179.0
2022-05-25,461.0,464.45,452.05,454.1,12728644.0
2022-05-26,456.85,470.1,452.5,468.9,17055257.0
2022-05-27,471.4,475.0,467.5,468.95,10977001.0
2022-05-30,473.0,476.9,471.1,474.6,9365470.0
2022-05-31,474.0,476.4,465.0,468.1,15441579.0
2022-06-01,468.0,472.0,464.7,468.3,9424008.0
2022-06-02,466.9,472.35,466.15,469.85,9370989.0
2022-06-03,473.25,475.5,463.5,464.5,11306291.0
2022-06-06,464.2,465.6,456.5,463.7,10661432.0
2022-06-07,461.85,465.95,460.5,463.4,7672515.0
2022-06-08,466.6,475.55,463.2,471.3,17168871.0
2022-06-09,468.95,470.9,462.45,466.95,12635601.0
2022-06-10,462.0,464.15,458.6,461.85,8621104.0
2022-06-13,454.0,454.05,442.1,445.85,13426836.0
2022-06-14,445.0,449.25,443.35,448.1,11351101.0
2022-06-15,448.95,455.45,448.6,451.35,9920926.0
2022-06-16,455.15,457.75,440.15,441.6,10780703.0
2022-06-17,440.0,447.55,437.25,441.0,14326050.0
2022-06-20,441.5,443.45,430.7,434.7,12368534.0
2022-06-21,439.5,454.95,437.6,450.75,13801891.0
2022-06-22,448.75,451.2,444.65,447.65,11066447.0
2022-06-23,449.0,456.45,446.0,451.4,12229833.0
2022-06-24,455.8,460.35,453.2,454.25,10833364.0
2022-06-27,459.95,464.85,458.05,461.2,9509175.0
2022-06-28,458.9,465.75,458.0,464.25,13261290.0
2022-06-29,460.0,462.7,458.0,459.1,11800876.0
2022-06-30,459.0,469.3,458.6,465.9,16926328.0
2022-07-01,463.35,468.8,460.55,466.85,9405495.0
2022-07-04,466.85,474.15,466.85,473.45,9186358.0
2022-07-05,475.15,480.0,471.0,472.15,12003244.0
2022-07-06,475.15,481.0,473.9,479.95,12059857.0
2022-07-07,484.0,488.25,481.6,486.75,11497832.0
2022-07-08,489.0,489.9,485.15,488.55,9057231.0
2022-07-11,485.0,491.3,485.0,488.2,7704792.0
2022-07-12,485.0,491.35,483.1,484.95,7364457.0
2022-07-13,487.75,492.45,484.55,486.5,8208853.0
2022-07-14,486.6,488.9,476.8,479.35,9385630.0
2022-07-15,482.55,484.4,474.7,479.1,6945602.0
2022-07-18,484.55,491.5,482.1,490.3,9934786.0
2022-07-19,488.0,498.55,488.0,497.95,11724183.0
2022-07-20,501.0,510.6,500.4,508.6,19280117.0
2022-07-21,509.8,513.4,506.75,512.05,13814893.0
2022-07-22,513.45,520.2,511.2,513.7,14699129.0
2022-07-25,513.4,519.0,509.15,517.8,10229778.0
2022-07-26,517.7,520.8,513.1,514.2,8862656.0
2022-07-27,515.3,529.95,512.25,528.2,15101546.0
2022-07-28,533.2,537.5,529.55,532.45,12160734.0
2022-07-29,535.05,537.0,526.75,528.35,11921058.0
2022-08-01,529.05,535.0,526.4,533.75,8295631.0
2022-08-02,531.9,544.9,531.1,542.1,16845027.0
2022-08-03,541.9,546.4,534.65,540.85,24262125.0
2022-08-04,543.65,544.0,524.2,533.25,18072293.0
2022-08-05,535.55,542.9,529.0,531.05,21110734.0
2022-08-08,524.0,524.0,513.85,520.4,32566317.0
2022-08-10,521.55,523.5,513.4,514.7,16904151.0
2022-08-11,520.0,526.0,517.2,524.75,13862195.0
2022-08-12,525.7,531.8,525.15,530.7,12154012.0
2022-08-16,533.3,533.85,525.0,525.95,10721167.0
2022-08-17,528.85,530.55,524.35,528.15,12054183.0
2022-08-18,526.85,534.8,526.2,532.35,9013662.0
2022-08-19,532.0,533.65,518.5,520.35,11087222.0
2022-08-22,519.0,519.9,510.0,511.3,9676954.0
2022-08-23,508.25,524.0,508.25,521.9,8597965.0
2022-08-24,519.0,523.0,512.3,519.3,11930650.0
2022-08-25,521.95,528.3,518.5,520.4,15473450.0
2022-08-26,523.8,529.5,522.2,523.8,12855886.0
2022-08-29,511.3,517.0,508.75,514.85,9421339.0
2022-08-30,518.2,532.5,517.95,531.25,14835308.0
2022-09-01,522.25,540.9,522.25,533.3,16670228.0
2022-09-02,537.0,537.85,531.25,536.7,10017930.0
2022-09-05,537.0,540.8,536.3,538.9,7819994.0
2022-09-06,538.0,542.7,534.1,537.8,8657868.0
2022-09-07,534.4,537.45,531.55,532.85,8445359.0
2022-09-08,536.0,546.3,535.5,544.65,12240707.0
2022-09-09,549.65,557.0,548.0,553.35,18587927.0
2022-09-12,554.9,558.6,551.25,554.9,9677415.0
2022-09-13,560.0,560.0,553.75,558.0,16707275.0
2022-09-14,550.0,574.85,549.25,571.75,21632641.0
2022-09-15,572.55,578.5,567.9,572.15,12749947.0
2022-09-16,569.1,574.0,560.3,561.8,14739280.0
2022-09-19,560.7,574.4,559.55,572.25,11194003.0
2022-09-20,577.95,577.95,572.85,574.05,8484017.0
2022-09-21,575.0,577.3,565.4,569.7,9392526.0
2022-09-22,566.75,574.0,562.0,567.3,11869435.0
2022-09-23,564.8,568.0,549.5,550.6,12563239.0
2022-09-26,545.8,549.0,533.0,543.3,16158750.0
2022-09-27,544.55,550.9,533.2,536.5,11066799.0
2022-09-28,532.9,539.8,520.35,524.85,12233485.0
2022-09-29,529.0,535.7,519.55,521.75,17310168.0
2022-09-30,524.0,536.9,516.15,530.6,17466950.0
2022-10-03,527.6,531.65,518.5,519.75,9351162.0
2022-10-04,533.0,535.8,527.8,532.7,8745887.0
2022-10-06,534.6,541.8,534.6,537.3,9507322.0
2022-10-07,535.5,535.6,526.55,530.2,11065307.0
2022-10-10,525.7,533.9,522.2,530.75,9649292.0
2022-10-11,530.75,533.7,525.5,527.4,10825440.0
2022-10-12,530.0,535.0,526.0,533.8,8522604.0
2022-10-13,533.0,533.8,520.2,521.45,12972765.0
2022-10-14,530.2,534.85,526.0,527.2,8545479.0
2022-10-17,526.4,544.7,524.2,543.65,13485349.0
2022-10-18,547.1,563.5,546.75,562.45,20440781.0
2022-10-19,563.0,563.45,551.55,553.4,9540583.0
2022-10-20,552.0,556.8,545.3,555.4,11225588.0
2022-10-21,557.25,565.8,557.25,560.85,11767639.0
2022-10-24,567.0,572.5,565.9,570.5,3692065.0
2022-10-25,572.5,586.2,568.0,578.55,19899324.0
2022-10-27,583.95,585.0,577.6,579.65,13613533.0
2022-10-28,579.95,582.65,567.0,570.75,10043644.0
2022-10-31,574.95,577.45,568.4,573.8,9894639.0
2022-11-01,576.35,585.75,574.6,576.9,12069579.0
2022-11-02,575.9,578.95,569.9,573.85,10241440.0
2022-11-03,569.0,587.95,568.0,584.9,17557998.0
2022-11-04,586.0,596.95,580.4,593.95,25759031.0
2022-11-07,613.0,622.7,607.7,614.15,44265903.0
2022-11-09,621.0,621.0,610.55,615.55,18939854.0
2022-11-10,613.1,615.1,602.2,605.75,11618405.0
2022-11-11,617.25,619.55,598.5,601.3,15525267.0
2022-11-14,603.95,603.95,591.65,592.55,12957268.0
2022-11-15,594.3,602.1,592.65,600.85,10286417.0
2022-11-16,599.95,603.5,596.0,599.75,11555749.0
2022-11-17,599.1,602.75,596.15,599.05,8167131.0
2022-11-18,601.0,605.75,597.15,602.7,12933675.0
2022-11-21,602.1,602.1,595.35,598.1,7412419.0
2022-11-22,598.15,600.7,596.15,599.1,8048595.0
2022-11-23,601.55,609.6,601.0,607.65,12435924.0
2022-11-24,609.75,611.3,605.8,609.35,8960032.0
2022-11-25,610.55,613.7,606.25,607.4,9994513.0
2022-11-28,605.6,610.9,602.35,608.6,7934274.0
2022-11-29,607.1,611.8,607.1,608.55,6942919.0
2022-11-30,608.5,611.4,598.4,602.45,15606230.0
2022-12-01,607.85,609.8,601.55,608.1,14209313.0
2022-12-02,607.5,609.6,604.25,607.55,7533838.0
2022-12-05,608.5,618.0,607.55,617.3,11585602.0
2022-12-06,614.75,619.8,607.8,608.95,12996244.0
2022-12-07,610.85,612.9,604.5,607.05,7613892.0
2022-12-08,609.75,613.8,607.15,611.65,10020015.0
2022-12-09,614.4,618.0,609.1,616.5,11202267.0
2022-12-12,614.8,618.7,611.0,613.05,9285187.0
2022-12-13,613.5,617.4,612.5,616.75,7455415.0
2022-12-14,618.5,626.75,617.5,625.5,14010673.0
2022-12-15,625.55,629.55,614.3,615.95,10622271.0
2022-12-16,612.0,615.6,602.1,603.35,9435071.0
2022-12-19,604.0,609.5,603.0,604.45,8322012.0
2022-12-20,603.0,606.5,599.55,604.45,6753785.0
2022-12-21,605.9,609.15,589.6,593.4,9217253.0
2022-12-22,597.0,599.0,587.55,593.4,8740149.0
2022-12-23,590.0,590.7,571.5,574.0,13047046.0
2022-12-26,574.0,601.7,570.7,597.1,13201587.0
2022-12-27,600.4,603.1,593.3,601.9,9638618.0
2022-12-28,600.9,607.0,598.55,601.05,7988631.0
2022-12-29,600.0,618.0,597.15,611.8,20130392.0
2022-12-30,615.25,620.55,611.35,613.7,13052895.0
2023-01-02,614.95,619.2,611.2,612.2,6726084.0
2023-01-03,614.5,616.6,610.0,612.4,6818062.0
2023-01-04,611.85,614.95,604.0,605.2,7011191.0
2023-01-05,607.0,611.6,601.95,605.1,8241475.0
2023-01-06,607.4,607.45,597.0,600.65,7972036.0
2023-01-09,605.0,609.0,600.1,607.7,8878905.0
2023-01-10,608.45,609.0,590.6,595.15,10622660.0
2023-01-11,596.45,599.5,592.25,596.7,7419630.0
2023-01-12,597.9,597.9,590.1,594.9,8183715.0
2023-01-13,597.9,602.9,593.65,600.1,7877610.0
2023-01-16,603.0,606.1,600.6,603.0,5483191.0
2023-01-17,603.0,606.0,586.05,592.95,13461999.0
2023-01-18,595.9,597.15,587.6,591.45,11538075.0
2023-01-19,591.0,591.75,587.55,589.85,7475688.0
2023-01-20,593.8,596.6,590.8,592.2,6750607.0
2023-01-23,598.5,601.75,592.95,600.45,6604469.0
2023-01-24,603.5,604.6,593.05,594.35,7609623.0
2023-01-25,595.85,595.85,567.4,568.7,25686294.0
2023-01-27,568.0,568.55,532.25,539.95,40163464.0
2023-01-30,536.0,554.35,525.2,538.2,40797825.0
2023-01-31,545.0,557.0,537.85,553.5,21911943.0
2023-02-01,561.4,565.0,499.35,527.35,38218810.0
2023-02-02,520.2,532.65,502.5,528.1,39287056.0
2023-02-03,536.0,545.95,519.15,544.2,32317232.0
2023-02-06,558.8,558.8,536.55,545.4,25338586.0
2023-02-07,548.0,551.4,541.05,547.1,16195947.0
2023-02-08,550.0,554.5,545.5,549.75,15502847.0
2023-02-09,552.0,552.0,542.8,550.8,15061047.0
2023-02-10,546.5,557.25,546.5,553.05,13824475.0
2023-02-13,554.0,556.9,533.3,537.5,18488732.0
2023-02-14,539.95,544.6,530.75,540.85,18559909.0
2023-02-15,540.0,544.65,536.8,542.25,12796579.0
2023-02-16,546.85,546.85,538.5,540.1,12767016.0
2023-02-17,538.5,539.65,527.75,531.0,14192008.0
2023-02-20,532.0,533.95,522.15,525.15,12570032.0
2023-02-21,527.1,528.95,522.4,523.45,10223218.0
2023-02-22,520.75,521.9,512.5,516.35,14763050.0
2023-02-23,516.95,524.0,511.35,521.0,15535085.0
2023-02-24,524.2,527.5,517.6,521.05,12253035.0
2023-02-27,521.1,529.8,519.0,527.7,11048799.0
2023-02-28,527.25,528.45,521.05,522.8,15768010.0
2023-03-01,523.25,537.4,523.1,536.7,13510198.0
2023-03-02,535.95,539.9,532.5,533.75,10376913.0
2023-03-03,542.0,564.3,541.75,561.2,27656538.0
2023-03-06,564.9,567.9,559.0,561.7,16162268.0
2023-03-08,560.0,565.5,556.45,564.8,12637578.0
2023-03-09,564.75,565.75,558.0,558.9,8993423.0
2023-03-10,553.1,554.95,545.0,547.35,11522371.0
2023-03-13,547.0,553.15,528.45,530.0,14373729.0
2023-03-14,527.65,532.8,520.0,525.4,14750800.0
2023-03-15,529.8,532.0,515.55,517.55,11282329.0
2023-03-16,518.4,529.35,514.3,524.5,20040008.0
2023-03-17,528.65,531.6,520.1,529.8,18787379.0
2023-03-20,526.6,526.6,515.0,519.2,14275315.0
2023-03-21,522.0,523.45,516.45,521.85,29485180.0
2023-03-22,522.2,527.0,520.1,521.55,11619538.0
2023-03-23,519.4,521.0,511.5,512.75,22097792.0
2023-03-24,514.5,514.95,503.45,505.35,14416984.0
2023-03-27,507.0,514.15,501.55,510.15,15674218.0
2023-03-28,511.45,511.75,503.85,508.1,15833599.0
2023-03-29,509.0,518.0,506.3,516.5,24203789.0
2023-03-31,520.65,524.9,519.35,523.75,17356345.0
2023-04-03,524.75,528.5,522.1,526.75,14210949.0
2023-04-05,527.0,527.6,519.05,523.0,13574801.0
2023-04-06,524.0,533.7,521.65,527.65,25125879.0
2023-04-10,529.25,530.4,524.4,526.3,17335453.0
2023-04-11,530.85,535.7,527.15,532.1,26414406.0
2023-04-12,533.2,534.0,526.0,528.2,21292441.0
2023-04-13,529.3,534.25,527.15,532.95,28597560.0
2023-04-17,528.0,545.0,528.0,544.0,32476990.0
2023-04-18,545.35,548.5,540.5,545.85,22283456.0
2023-04-19,544.0,547.5,538.25,540.3,21156372.0
2023-04-20,541.2,545.45,536.65,544.8,25588577.0
2023-04-21,545.0,546.4,539.7,543.15,22599418.0
2023-04-24,543.8,555.55,543.5,554.6,23335611.0
2023-04-25,555.0,567.9,555.0,561.8,38142390.0
2023-04-26,562.0,567.0,556.45,566.35,23143882.0
2023-04-27,565.0,567.4,561.1,564.75,17845169.0
2023-04-28,567.8,580.45,565.5,578.3,16183423.0
2023-05-02,580.0,580.85,573.15,575.3,13667511.0
2023-05-03,570.65,575.0,569.0,570.5,9699527.0
2023-05-04,570.2,580.8,568.5,580.0,12533761.0
2023-05-05,580.2,588.25,575.05,576.5,18163461.0
2023-05-08,577.65,587.6,577.35,583.6,12990869.0
2023-05-09,585.0,586.45,572.1,573.5,18959065.0
2023-05-10,575.0,575.0,563.25,572.2,18561315.0
2023-05-11,572.2,580.0,572.0,573.45,16016715.0
2023-05-12,574.7,580.75,571.55,578.15,11319335.0
2023-05-15,578.75,584.0,574.65,581.9,11410243.0
2023-05-16,584.0,590.4,582.0,586.3,22178229.0
2023-05-17,586.0,590.5,579.5,586.3,23739774.0
2023-05-18,590.3,593.9,571.4,574.2,45656620.0
2023-05-19,579.0,586.25,569.9,575.15,42293962.0
2023-05-22,577.5,580.3,573.45,577.15,21484049.0
2023-05-23,578.9,583.7,576.8,581.6,16120548.0
2023-05-24,579.8,585.25,578.25,582.7,17616658.0
2023-05-25,582.0,582.9,577.0,581.25,16479436.0
2023-05-26,581.25,587.75,580.55,586.0,9788076.0
2023-05-29,590.0,596.4,588.05,595.0,18432231.0
2023-05-30,595.0,595.5,591.5,592.8,15031640.0
2023-05-31,583.8,584.8,577.5,579.85,28797643.0
2023-06-01,581.8,586.4,581.0,582.75,17820226.0
2023-06-02,584.7,588.9,583.0,587.2,11323908.0
2023-06-05,588.5,589.8,586.0,587.2,12920507.0
2023-06-06,588.0,588.9,583.0,585.35,11199940.0
2023-06-07,588.0,590.6,586.0,589.2,11113781.0
2023-06-08,589.95,593.95,586.35,588.5,15971917.0
2023-06-09,588.0,589.1,576.75,578.7,18870272.0
2023-06-12,580.0,581.5,577.7,578.65,8786066.0
2023-06-13,579.45,581.4,574.25,576.4,12612098.0
2023-06-14,577.0,578.55,575.25,576.55,8948696.0
2023-06-15,576.0,576.7,565.25,566.5,17934877.0
2023-06-16,568.75,574.7,567.05,571.25,12660226.0
2023-06-19,571.25,572.75,565.9,568.85,17903691.0
2023-06-20,568.85,569.45,562.55,567.4,14549152.0
2023-06-21,567.4,569.5,565.65,566.35,14946871.0
2023-06-22,566.35,569.0,561.05,562.95,14979063.0
2023-06-23,562.0,562.1,553.8,554.6,12215712.0
2023-06-26,556.0,558.5,554.5,557.05,8360264.0
2023-06-27,558.25,567.95,555.65,566.1,10694768.0
2023-06-28,572.25,574.0,568.55,569.8,18028934.0
2023-06-30,574.0,574.0,570.2,572.85,8718232.0
2023-07-03,574.5,586.35,573.9,585.45,15421985.0
2023-07-04,588.2,595.95,582.25,589.25,24799250.0
2023-07-05,589.8,593.7,588.2,590.6,13598114.0
2023-07-06,590.4,593.5,589.1,592.5,11323509.0
2023-07-07,590.0,595.5,585.5,593.6,11707209.0
2023-07-10,594.65,599.8,590.25,592.6,11417363.0
2023-07-11,595.0,595.95,587.35,588.55,13221177.0
2023-07-12,589.0,594.5,588.2,589.25,16029716.0
2023-07-13,594.9,598.0,583.35,585.65,20024503.0
2023-07-14,586.75,591.3,580.7,584.4,12190152.0
2023-07-17,587.0,602.85,584.2,601.1,19378986.0
2023-07-18,603.05,604.05,588.75,592.35,25757209.0
2023-07-19,594.65,602.4,592.0,601.45,17556585.0
2023-07-20,601.4,610.8,598.75,610.05,34038351.0
2023-07-21,610.0,619.5,609.0,615.1,21040281.0
2023-07-24,615.05,621.9,614.3,617.65,11756364.0
2023-07-25,621.8,621.8,604.2,609.6,18503305.0
2023-07-26,612.0,616.35,609.15,615.15,9999125.0
2023-07-27,616.4,621.25,613.1,616.55,17444742.0
2023-07-28,616.4,619.9,613.6,616.05,11930586.0
2023-07-31,616.65,621.0,614.5,620.2,8605483.0
2023-08-01,620.2,620.85,610.6,611.85,13493453.0
2023-08-02,609.85,610.5,594.1,598.45,14977497.0
2023-08-03,598.7,600.85,585.0,590.5,27774877.0
2023-08-04,594.8,598.7,571.4,573.3,52725616.0
2023-08-07,577.0,577.0,566.65,567.9,32736325.0
2023-08-08,571.0,574.25,568.45,573.1,25038671.0
2023-08-09,575.0,575.0,568.35,573.75,15769111.0
2023-08-10,573.75,577.6,570.1,573.65,27325801.0
2023-08-11,575.45,579.0,572.0,574.15,18221179.0
2023-08-14,572.95,573.0,558.6,560.8,28084093.0
2023-08-16,558.8,566.4,554.0,565.35,15725767.0
2023-08-17,565.75,573.15,564.0,572.15,27910162.0
2023-08-18,570.0,575.25,567.4,572.95,18253227.0
2023-08-21,572.95,575.55,570.75,571.7,9380810.0
2023-08-22,572.5,574.45,567.5,568.5,14073413.0
2023-08-23,571.0,577.95,566.0,576.9,18579297.0
2023-08-24,578.15,582.0,575.55,576.95,24131644.0
2023-08-25,573.8,575.3,567.2,569.95,12271885.0
2023-08-28,572.8,574.8,569.2,572.85,9711932.0
2023-08-29,573.65,576.3,571.85,574.85,13144855.0
2023-08-30,576.7,577.7,566.1,567.4,15281416.0
2023-08-31,569.3,570.3,559.4,561.35,27898476.0
2023-09-01,562.7,571.2,562.1,569.55,18121168.0
2023-09-04,572.0,576.35,568.45,575.55,12108655.0
2023-09-05,575.6,578.25,571.35,573.0,14444729.0
2023-09-06,574.25,574.25,568.0,570.5,20609936.0
2023-09-07,568.0,581.0,568.0,579.05,12390597.0
2023-09-08,581.0,588.5,579.7,583.45,14032068.0
2023-09-11,587.0,592.3,585.35,591.7,10946134.0
2023-09-12,593.65,594.25,584.65,588.35,16093060.0
2023-09-13,588.4,598.0,583.45,596.45,19377172.0
2023-09-14,598.45,603.7,595.2,597.3,13178911.0
2023-09-15,599.35,600.7,595.2,598.8,11756389.0
2023-09-18,598.8,608.4,597.05,603.95,19305055.0
2023-09-20,600.85,606.8,599.4,601.1,21314600.0
2023-09-21,600.0,606.6,584.65,588.15,23453425.0
2023-09-22,593.5,602.0,591.4,598.15,18784139.0
2023-09-25,601.5,601.5,590.45,594.05,9712784.0
2023-09-26,594.0,595.0,591.25,594.4,8327427.0
2023-09-27,593.45,594.3,588.2,589.75,9865347.0
2023-09-28,591.25,595.2,588.85,589.95,21960816.0
2023-09-29,592.85,600.0,591.3,598.55,12189735.0
2023-10-03,596.6,604.9,589.6,602.95,15322196.0
2023-10-04,600.0,600.45,584.45,586.25,24914612.0
2023-10-05,590.0,594.35,587.1,592.15,13248028.0
2023-10-06,593.4,598.95,592.2,594.25,8216780.0
2023-10-09,588.0,589.0,581.55,585.1,9189597.0
2023-10-10,587.0,595.0,585.75,591.65,10373508.0
2023-10-11,596.9,597.0,587.6,588.35,14220119.0
2023-10-12,590.8,593.0,585.0,586.05,11983797.0
2023-10-13,577.75,581.3,574.8,576.15,19064577.0
2023-10-16,576.0,578.75,571.5,575.65,11290293.0
2023-10-17,577.7,579.95,575.3,576.45,10765224.0
2023-10-18,577.75,579.25,569.35,572.65,11777454.0
2023-10-19,569.8,574.0,567.0,571.2,11441499.0
2023-10-20,569.9,570.0,562.1,563.1,11110988.0
2023-10-23,563.1,566.0,551.0,552.95,11875035.0
2023-10-25,558.6,560.8,553.6,556.2,12134624.0
2023-10-26,551.45,552.9,543.2,547.0,19424825.0
2023-10-27,550.0,562.5,550.0,561.15,10415296.0
2023-10-30,563.0,566.7,556.5,565.2,8593704.0
2023-10-31,567.0,569.5,563.15,565.55,13039696.0
2023-11-01,566.25,569.65,563.85,566.4,13575575.0
2023-11-02,571.1,575.45,567.6,572.1,11148516.0
2023-11-03,576.0,579.5,573.45,578.15,11371371.0
2023-11-06,582.0,582.5,573.25,574.35,16499138.0
2023-11-07,574.8,581.2,572.6,579.75,17923281.0
2023-11-08,581.9,582.6,579.0,580.3,15434808.0
2023-11-09,581.0,581.85,576.5,578.35,12434363.0
2023-11-10,577.8,581.0,575.4,579.5,6773038.0
2023-11-13,581.0,582.5,575.2,581.35,11282362.0
2023-11-15,587.25,588.0,582.6,584.7,11397676.0
2023-11-16,584.7,588.0,582.9,584.65,8622660.0
2023-11-17,574.5,574.5,562.1,563.05,37173221.0
2023-11-20,564.0,566.8,560.6,563.75,12714585.0
2023-11-21,566.0,566.65,561.0,561.5,14280013.0
2023-11-22,562.95,564.5,555.15,558.95,14909071.0
2023-11-23,561.75,563.5,558.3,559.95,6376210.0
2023-11-24,561.95,562.45,559.25,560.35,6529851.0
2023-11-28,563.6,565.2,561.1,564.45,8153314.0
2023-11-29,568.0,569.0,565.1,568.6,10299034.0
2023-11-30,569.75,570.2,563.65,564.75,19758998.0
2023-12-01,567.0,574.2,566.55,571.75,10614230.0
2023-12-04,588.0,596.0,584.55,594.7,26077882.0
2023-12-05,595.05,611.3,595.05,608.25,36430152.0
2023-12-06,614.0,614.0,604.55,608.45,21439069.0
2023-12-07,610.0,612.55,605.0,611.7,10725706.0
2023-12-08,610.0,616.8,605.35,614.15,17722136.0
2023-12-11,615.0,619.9,613.1,614.25,11706255.0
2023-12-12,617.0,617.95,610.8,612.4,14494836.0
2023-12-13,614.45,620.5,611.65,619.85,13977914.0
2023-12-14,626.0,627.75,622.4,623.65,15813797.0
2023-12-15,628.0,650.0,619.85,648.25,29813572.0
2023-12-18,646.65,655.65,642.4,648.5,16221796.0
2023-12-19,648.5,659.6,640.25,655.4,19964008.0
2023-12-20,658.7,660.4,633.95,636.45,22542056.0
2023-12-21,632.15,648.95,627.5,643.75,19915516.0
2023-12-22,644.75,649.4,635.15,636.75,14998068.0
2023-12-26,638.85,641.3,635.65,638.05,10153089.0
2023-12-27,640.75,649.45,639.0,648.55,14417646.0
2023-12-28,650.25,653.3,646.5,651.4,16982092.0
2023-12-29,645.5,649.6,639.55,642.05,13221898.0
2024-01-01,642.2,646.9,638.0,641.35,8295548.0
2024-01-02,641.35,648.0,633.85,639.45,15164482.0
2024-01-03,639.35,648.0,635.8,643.45,14571772.0
2024-01-04,642.5,646.4,638.65,642.75,13883388.0
2024-01-05,645.0,651.75,637.75,641.95,15984585.0
2024-01-08,640.0,645.0,625.05,627.0,14739531.0
2024-01-09,632.0,634.35,624.5,625.4,13400235.0
2024-01-10,624.8,625.3,618.2,621.75,12742464.0
2024-01-11,626.0,627.15,618.5,620.2,15533860.0
2024-01-12,623.8,636.5,621.1,633.6,16620797.0
2024-01-15,638.9,645.5,636.1,640.1,16844018.0
2024-01-16,640.0,644.9,633.45,636.9,15025543.0
2024-01-17,624.0,636.8,623.0,626.0,30016308.0
2024-01-18,625.8,633.45,619.05,628.3,14695436.0
2024-01-19,633.0,635.5,624.7,627.75,11675202.0
2024-01-23,627.0,634.9,600.65,605.1,30954343.0
2024-01-24,609.95,622.35,603.1,618.3,19221835.0
2024-01-25,618.5,623.8,606.25,612.75,22684904.0
2024-01-29,619.0,629.5,615.6,622.95,19572140.0
2024-01-30,625.45,633.5,624.2,626.75,16966577.0
2024-01-31,626.4,643.2,622.0,640.5,23270745.0
2024-02-01,642.75,652.95,633.25,647.65,26587707.0
2024-02-02,652.0,660.55,646.7,649.65,27471811.0
2024-02-05,647.1,654.8,638.75,642.95,28339525.0
2024-02-06,644.45,655.0,637.7,650.25,14079390.0
2024-02-07,655.05,677.95,655.0,675.25,41696232.0
2024-02-08,680.4,718.9,678.5,699.55,74222434.0
2024-02-09,703.65,728.35,694.2,725.25,43235061.0
2024-02-12,726.0,726.0,704.5,707.9,22873137.0
2024-02-13,708.55,718.0,702.15,713.45,23351472.0
2024-02-14,705.55,748.5,705.55,743.4,36782182.0
2024-02-15,747.7,764.0,741.65,761.7,33941282.0
2024-02-16,763.45,774.6,753.35,754.7,27365121.0
2024-02-19,758.7,765.0,750.0,759.25,13979584.0
2024-02-20,759.05,763.5,754.0,760.1,12528399.0
2024-02-21,760.65,777.5,759.6,771.5,21465311.0
2024-02-22,773.0,773.0,757.0,765.9,18799244.0
2024-02-23,765.9,770.5,755.0,759.05,14143636.0
2024-02-26,755.0,766.35,752.7,758.9,11355186.0
2024-02-27,758.9,762.35,742.2,749.85,13969393.0
2024-02-28,749.85,756.75,741.0,742.5,11263318.0
2024-02-29,743.9,753.9,737.15,748.1,19217113.0
2024-03-01,752.0,772.0,751.95,769.15,17348526.0
2024-03-04,774.4,777.0,769.0,772.05,9789141.0
2024-03-05,769.5,786.95,769.1,783.95,18088847.0
2024-03-06,783.65,790.3,772.9,783.9,26710525.0
2024-03-07,790.0,793.4,783.0,788.05,15497868.0
2024-03-11,790.0,792.8,770.55,773.7,16778340.0
2024-03-12,770.0,777.75,757.35,759.7,21529705.0
2024-03-13,758.65,763.7,743.0,747.25,27950252.0
2024-03-14,749.9,750.8,734.05,741.05,19730882.0
2024-03-15,739.25,746.55,723.0,731.9,29792241.0
2024-03-18,727.1,737.9,722.1,730.95,18145126.0
2024-03-19,730.0,734.35,721.15,723.8,15205043.0
2024-03-20,725.15,738.95,719.8,736.25,25405455.0
2024-03-21,742.0,750.6,740.55,744.3,15161161.0
2024-03-22,743.85,748.8,741.4,746.7,15535921.0
2024-03-26,743.05,747.85,738.5,740.05,14678342.0
2024-03-27,743.0,745.85,730.2,733.3,30088789.0
2024-03-28,737.75,759.55,736.9,752.35,21705116.0
2024-04-01,759.05,761.5,752.1,758.3,9949971.0
2024-04-02,758.2,768.75,753.35,766.4,15713063.0
2024-04-03,764.9,772.6,760.15,771.05,19136981.0
2024-04-04,761.0,761.0,761.0,759.3,2.0
2024-04-05,757.95,767.7,752.6,764.75,9939620.0
2024-04-08,766.05,770.0,761.8,768.3,9797174.0
2024-04-09,768.45,772.45,761.1,764.2,7465892.0
2024-04-10,766.5,780.7,763.65,779.05,14530669.0
2024-04-12,777.25,779.5,764.8,766.3,14408722.0
2024-04-15,759.8,763.3,748.75,757.5,11356572.0
2024-04-16,751.25,754.9,744.4,751.7,13338991.0
2024-04-18,752.05,759.95,742.0,744.8,14589648.0
2024-04-19,734.5,752.0,732.05,750.45,10886554.0
2024-04-22,754.15,769.0,750.45,766.1,17452186.0
2024-04-23,770.35,777.7,765.55,773.0,12292429.0
2024-04-24,778.5,778.5,770.2,773.1,7842615.0
2024-04-25,770.65,814.4,769.65,812.7,36732974.0
2024-04-26,815.9,816.9,798.9,801.3,14964358.0
2024-04-29,807.0,831.25,798.7,826.5,27302732.0
2024-04-30,826.5,834.85,819.9,826.25,27449073.0
2024-05-02,826.9,833.9,825.0,830.05,19943724.0
2024-05-03,834.8,836.2,820.0,831.45,22667634.0
2024-05-06,835.0,836.0,803.0,807.8,35283557.0
2024-05-07,812.0,814.65,793.2,801.9,16725013.0
2024-05-08,802.6,822.0,799.5,810.8,27908322.0
2024-05-09,811.9,839.65,803.55,819.8,49290254.0
2024-05-10,827.0,832.05,815.6,817.35,20543142.0
2024-05-13,819.85,819.85,798.6,808.8,15398505.0
2024-05-14,813.0,822.4,807.9,818.2,10912462.0
2024-05-15,821.0,825.3,818.05,820.3,9755062.0
2024-05-16,825.3,826.15,797.35,811.95,20536990.0
2024-05-17,814.5,822.45,811.2,817.85,12492509.0
2024-05-21,821.0,836.3,819.6,830.65,14037801.0
2024-05-22,826.55,826.65,813.55,818.75,19239277.0
2024-05-23,824.7,835.5,822.0,832.1,17497488.0
2024-05-24,830.0,841.25,827.0,828.6,12252075.0
2024-05-27,832.6,839.4,823.0,833.7,12295193.0
2024-05-28,835.7,840.7,823.3,831.15,13818893.0
2024-05-29,828.4,834.45,819.3,822.65,14518232.0
2024-05-30,821.4,836.0,819.3,825.85,17818705.0
2024-05-31,830.7,835.0,817.1,830.35,22267336.0
2024-06-03,863.55,912.0,856.75,905.65,64269020.0
2024-06-04,897.0,897.0,731.95,775.2,122381193.0
2024-06-05,790.75,795.0,744.05,789.75,74256082.0
2024-06-06,800.0,833.35,796.0,816.95,40555649.0
2024-06-07,819.9,831.5,810.5,829.95,25061284.0
2024-06-10,834.15,845.45,829.2,831.8,16725508.0
2024-06-11,836.0,839.6,829.05,835.55,14754408.0
2024-06-12,837.0,845.55,833.0,839.1,15071442.0
2024-06-13,845.0,845.9,836.1,843.9,12523972.0
2024-06-14,845.0,849.9,835.1,839.2,12903496.0
2024-06-18,841.55,851.5,840.25,844.9,14929083.0
2024-06-19,846.8,860.6,841.0,852.6,32925140.0
2024-06-20,853.0,853.1,842.35,843.75,13985352.0
2024-06-21,844.9,848.05,828.6,836.3,18990090.0
2024-06-24,831.5,836.0,821.05,832.7,12715254.0
2024-06-25,837.0,845.85,834.3,842.25,20917530.0
2024-06-26,839.85,848.8,836.0,845.35,16281760.0
2024-06-27,843.9,847.4,838.25,844.0,20378887.0
2024-06-28,846.9,864.0,844.0,848.95,23636388.0
2024-07-01,849.35,850.5,839.95,841.95,10967797.0
2024-07-02,844.0,846.3,823.15,826.15,21142840.0
2024-07-03,829.0,843.85,825.0,839.95,23598009.0
2024-07-04,843.0,844.9,834.3,839.3,13372587.0
2024-07-05,838.0,861.25,837.0,859.75,24873722.0
2024-07-08,859.75,865.0,853.5,856.25,10359800.0
2024-07-09,859.9,869.95,856.0,861.3,13585081.0
2024-07-10,860.1,860.25,843.5,849.0,17343236.0
2024-07-11,854.4,858.3,849.75,856.7,8501366.0
2024-07-12,856.7,863.0,855.3,859.7,11446064.0
2024-07-15,859.7,887.35,859.7,881.35,25392820.0
2024-07-16,882.3,888.1,874.3,880.7,11893692.0
2024-07-18,880.65,894.9,877.5,893.55,19435183.0
2024-07-19,895.0,899.0,883.3,889.35,14562742.0
2024-07-22,881.45,895.0,868.0,876.8,14614111.0
2024-07-23,883.0,884.5,849.1,863.9,18279212.0
2024-07-24,864.2,868.0,847.2,852.0,19624845.0
2024-07-25,847.5,850.75,841.2,848.5,9522375.0
2024-07-26,844.65,864.25,844.0,862.45,12081506.0
2024-07-29,866.05,889.1,863.2,871.6,26582781.0
2024-07-30,874.7,880.55,869.0,872.8,13528447.0
2024-07-31,873.85,874.95,868.0,872.4,11636874.0
2024-08-01,877.8,881.4,859.45,862.65,11787203.0
2024-08-02,856.7,858.3,846.15,847.85,12609331.0
2024-08-05,830.0,831.35,800.0,811.65,27676951.0
2024-08-06,822.65,826.55,795.65,797.7,17900930.0
2024-08-07,809.0,810.7,800.55,808.65,17692355.0
2024-08-08,812.0,817.8,802.8,808.05,14769069.0
2024-08-09,816.0,829.95,809.55,824.3,15320885.0
2024-08-12,820.6,823.0,811.2,812.6,16120449.0
2024-08-13,813.5,820.0,795.05,797.55,17585172.0
2024-08-14,800.95,809.15,800.4,803.0,11788665.0
2024-08-16,803.0,814.9,803.0,812.1,11427335.0
2024-08-19,820.0,820.0,820.0,813.7,1.0
2024-08-20,817.95,823.0,813.35,820.3,10347493.0
2024-08-21,820.3,821.0,811.2,815.55,14607257.0
2024-08-22,819.0,823.9,817.1,820.3,7832917.0
2024-08-23,821.5,822.0,814.5,815.35,5537747.0
2024-08-26,818.0,823.45,813.8,815.05,8523795.0
2024-08-27,817.8,819.45,811.05,815.9,12833290.0
2024-08-28,814.75,817.2,806.5,809.4,10371300.0
2024-08-29,809.55,816.0,806.95,814.5,18247268.0
2024-08-30,817.15,820.7,814.35,815.6,8911426.0
2024-09-02,817.3,825.4,813.05,822.15,11813750.0
2024-09-03,822.15,825.95,816.4,824.8,10548350.0
2024-09-04,815.45,818.65,813.65,816.5,10789570.0
2024-09-05,820.0,820.0,820.0,818.75,1.0
2024-09-06,811.5,812.9,777.0,782.5,40220096.0
2024-09-09,785.0,788.2,771.0,784.25,21322103.0
2024-09-10,788.0,788.8,777.5,782.65,12824701.0
2024-09-11,780.05,788.0,765.4,768.6,20060665.0
2024-09-12,775.0,789.9,772.75,787.75,17578964.0
2024-09-13,791.0,795.0,785.1,790.85,12950936.0
2024-09-16,790.85,795.0,784.4,785.55,9553736.0
2024-09-17,785.6,787.5,780.55,782.9,10665630.0
2024-09-18,783.8,794.75,782.0,792.75,18324412.0
2024-09-19,795.05,801.35,784.05,789.95,10645478.0
2024-09-20,794.85,794.85,779.5,781.7,21372244.0
2024-09-23,786.0,805.0,784.5,801.85,17309545.0
2024-09-24,799.25,804.25,796.5,798.25,15180653.0
2024-09-25,797.9,798.0,788.7,793.1,18465571.0
2024-09-26,796.0,803.0,791.6,801.85,23198842.0
2024-09-27,801.85,808.0,798.45,802.65,15193681.0
2024-09-30,801.9,802.6,786.45,787.9,15484573.0
2024-10-01,788.0,800.35,788.0,796.95,13280535.0
2024-10-03,789.9,804.0,784.3,794.1,15944135.0
2024-10-04,792.0,809.85,785.25,796.65,20097454.0
2024-10-07,800.0,804.0,765.4,770.65,24267990.0
2024-10-08,772.25,784.4,772.25,781.45,8560960.0
2024-10-09,786.7,804.35,782.05,797.4,18758697.0
2024-10-10,799.0,804.45,795.0,797.1,10241015.0
2024-10-11,797.2,802.7,793.0,799.75,14322720.0
2024-10-14,802.0,809.25,800.8,805.15,8967564.0
2024-10-15,805.5,807.5,801.6,804.65,6252104.0
2024-10-16,802.8,809.0,802.05,805.45,6494240.0
2024-10-17,809.5,819.5,806.0,811.05,18580553.0
2024-10-18,811.1,822.6,802.9,820.4,11704698.0
2024-10-21,824.7,826.45,809.0,813.95,10359618.0
2024-10-22,814.0,816.85,787.5,790.4,16645356.0
2024-10-23,790.0,792.6,779.8,786.0,13866198.0
2024-10-24,786.05,797.0,784.65,794.55,5607500.0
2024-10-25,798.0,800.75,772.0,780.95,9717125.0
2024-10-28,783.8,803.95,783.55,792.05,13757251.0
2024-10-29,796.0,834.85,790.5,832.7,28274791.0
2024-10-30,828.0,833.0,821.05,822.45,15977682.0
2024-10-31,820.0,828.0,813.55,820.2,13402324.0
2024-11-01,822.4,825.6,818.9,821.2,1637141.0
2024-11-04,822.7,837.5,807.1,829.85,14498161.0
2024-11-05,829.85,851.4,826.25,849.2,26254561.0
2024-11-06,849.2,861.4,846.2,854.8,15002433.0
2024-11-07,861.0,862.4,846.7,859.6,15283847.0
2024-11-08,859.6,863.5,834.2,843.15,26139105.0
2024-11-11,846.0,854.0,842.0,847.65,12621337.0
2024-11-12,852.5,853.4,824.3,826.7,11350729.0
2024-11-13,823.35,831.75,804.65,808.65,13756706.0
2024-11-14,808.65,818.0,801.05,804.25,9461484.0
2024-11-18,811.0,816.7,799.25,814.3,9322451.0
2024-11-19,819.0,820.3,800.1,803.0,13677029.0
2024-11-21,798.5,798.5,761.55,780.75,29486577.0
2024-11-22,786.0,819.95,784.05,816.05,20665405.0
2024-11-25,827.0,849.6,825.65,844.45,23434605.0
2024-11-26,844.0,846.7,835.55,839.4,8893744.0
2024-11-27,838.5,842.5,832.1,834.1,8375108.0
2024-11-28,834.1,845.8,830.5,838.85,13505677.0
2024-11-29,841.1,844.05,831.55,838.95,10822949.0
2024-12-02,838.95,842.0,832.7,836.4,6651119.0
2024-12-03,838.0,856.6,836.9,853.95,12186182.0
2024-12-04,853.95,864.0,850.3,859.7,10749716.0
2024-12-05,860.0,871.45,855.6,865.45,14716036.0
2024-12-06,865.25,875.45,857.0,863.65,14520568.0
2024-12-09,859.0,866.85,856.95,858.05,9630346.0
2024-12-10,861.8,868.95,858.05,867.5,7379849.0
2024-12-11,867.5,869.85,860.95,861.6,7006973.0
2024-12-12,861.5,864.3,851.15,853.7,8845103.0
2024-12-13,852.6,862.9,835.0,861.55,9379370.0
2024-12-16,859.8,866.4,857.8,860.95,6432713.0
2024-12-17,858.55,862.6,847.05,850.55,8791216.0
2024-12-18,851.0,852.0,837.0,838.15,8295338.0
2024-12-19,824.6,838.0,820.2,832.8,9453398.0
2024-12-20,834.9,836.0,810.0,812.0,10244198.0
2024-12-23,817.3,824.0,812.2,821.15,4933200.0
2024-12-24,824.25,826.2,809.2,812.05,10602771.0
2024-12-26,813.0,822.85,808.0,812.45,8318714.0
2024-12-27,816.3,818.3,797.2,799.65,10649800.0
2024-12-30,802.0,807.95,785.0,788.3,21515438.0
2024-12-31,786.95,799.2,786.0,794.95,9086044.0
2025-01-01,795.55,798.65,789.5,793.2,7273098.0
2025-01-02,795.0,802.4,787.0,801.2,11398319.0
2025-01-03,801.2,809.5,792.15,793.4,13336514.0
2025-01-06,797.4,797.6,773.15,776.4,11419367.0
2025-01-07,779.85,783.85,774.85,778.75,9669152.0
2025-01-08,780.9,783.95,760.1,771.15,15641490.0
2025-01-09,771.15,771.35,726.25,760.45,15351029.0
2025-01-10,760.35,763.4,742.05,743.25,11779296.0
2025-01-13,741.5,743.95,722.5,729.5,10414733.0
2025-01-14,732.95,757.0,732.95,748.15,11960975.0
2025-01-15,753.15,758.9,750.0,753.7,7792299.0
2025-01-16,760.4,776.7,760.4,766.3,11816079.0
2025-01-17,766.3,767.95,759.4,764.1,5766573.0
2025-01-20,769.0,785.0,767.85,779.25,9198929.0
2025-01-21,784.8,784.9,756.05,759.05,13751780.0
2025-01-22,762.0,763.0,738.0,753.45,9908339.0
2025-01-23,750.0,755.65,743.1,745.9,10986405.0
2025-01-24,749.9,753.7,739.0,744.15,10579213.0
2025-01-27,740.0,755.35,735.9,749.2,11433353.0
2025-01-28,757.0,759.75,745.4,752.4,14140860.0
2025-01-29,753.0,760.8,749.8,758.45,9251973.0
2025-01-30,758.55,765.0,754.75,762.6,11085824.0
2025-01-31,764.9,777.55,759.5,772.9,10083763.0
2025-02-03,762.8,762.8,753.15,760.95,7862190.0
2025-02-04,767.0,781.25,765.65,779.2,12020807.0
2025-02-05,780.0,782.0,765.0,766.05,13419162.0
2025-02-06,769.0,770.85,750.05,752.25,32745391.0
2025-02-07,759.8,759.9,731.75,737.2,37240692.0
2025-02-10,740.0,743.9,733.4,736.8,12667049.0
2025-02-11,737.45,740.15,726.55,731.1,13017060.0
2025-02-12,733.15,738.7,717.15,733.15,12697743.0
2025-02-13,734.4,737.5,726.15,727.65,12370571.0
2025-02-14,730.95,732.9,716.2,722.15,10417539.0
2025-02-17,719.05,728.75,711.55,727.7,9093600.0
2025-02-18,727.7,728.25,717.35,725.8,8562003.0
2025-02-19,722.05,734.85,722.05,727.3,6766606.0
2025-02-20,724.9,731.5,723.35,729.7,7423268.0
2025-02-21,727.3,731.7,720.0,722.0,6571602.0
2025-02-24,710.5,719.75,710.5,716.4,6912148.0
2025-02-25,718.95,718.95,710.0,710.9,8599635.0
2025-02-27,716.0,717.7,701.1,703.9,12033139.0
2025-02-28,700.9,701.35,682.6,688.8,15780609.0
2025-03-03,690.15,697.4,680.0,695.3,10598479.0
2025-03-04,693.0,718.45,692.1,716.05,14386214.0
2025-03-05,717.55,731.3,717.0,730.35,10409805.0
2025-03-06,736.0,736.75,727.0,732.05,10928847.0
2025-03-07,732.05,734.85,728.0,732.75,7246729.0
2025-03-10,732.75,738.5,726.6,728.9,7400109.0
2025-03-11,724.9,734.05,722.7,729.85,5538789.0
2025-03-12,730.6,737.0,719.05,723.05,5547762.0
2025-03-13,725.9,731.45,724.5,727.85,5908337.0
2025-03-17,728.9,731.25,722.3,723.15,5149565.0
2025-03-18,726.6,738.45,722.6,736.7,8087710.0
2025-03-19,739.6,749.3,739.1,745.1,7604850.0
2025-03-20,748.0,752.7,744.2,749.55,6963197.0
2025-03-21,749.95,755.6,747.0,753.2,9577327.0
2025-03-24,758.0,782.95,755.1,780.8,12095064.0
2025-03-25,783.9,786.0,769.2,772.85,15190143.0
2025-03-26,772.0,776.05,761.45,764.0,7711852.0
2025-03-27,763.8,775.8,760.5,772.3,15648616.0
2025-03-28,772.1,778.6,767.0,771.5,7628185.0
2025-04-01,766.8,782.75,763.2,771.7,7011125.0
2025-04-02,772.3,777.0,764.3,775.95,5458436.0
2025-04-03,770.0,784.7,769.95,779.2,7956680.0
2025-04-04,779.1,782.9,765.0,767.45,8231194.0
2025-04-07,730.0,753.7,730.0,746.9,14923235.0
2025-04-08,760.0,774.0,758.15,768.6,12911288.0
2025-04-09,767.0,767.95,741.0,742.2,11319387.0
2025-04-11,759.0,759.7,746.0,753.85,9360327.0
2025-04-15,770.0,770.7,757.1,763.5,7859090.0
2025-04-16,763.5,774.75,760.5,771.75,12536694.0
2025-04-17,772.0,801.0,767.15,797.45,27034818.0
2025-04-21,803.0,824.35,801.4,816.7,16398507.0
2025-04-22,821.15,835.5,814.0,822.4,25117557.0
2025-04-23,826.0,831.0,810.1,813.45,12104382.0
2025-04-24,812.75,819.0,811.15,813.4,12713521.0
2025-04-25,815.0,819.0,787.0,798.65,13131038.0
2025-04-28,798.65,822.8,797.4,817.35,11317611.0
2025-04-29,820.0,829.0,809.0,812.55,11283059.0
2025-04-30,811.5,811.5,784.5,788.65,25635764.0
2025-05-02,790.35,803.4,789.0,800.0,17199386.0
2025-05-05,782.0,799.0,782.0,790.0,23986447.0
2025-05-06,793.95,799.15,771.1,774.1,18869468.0
2025-05-07,765.3,782.4,764.55,776.1,15586266.0
2025-05-08,779.0,786.5,764.0,769.0,14491673.0
2025-05-09,756.5,781.7,755.5,779.25,13578216.0
2025-05-12,799.0,803.9,793.0,801.65,15096824.0
2025-05-13,798.6,807.65,797.2,801.75,13909596.0
2025-05-14,805.75,807.5,796.3,800.7,9281719.0
2025-05-15,804.45,809.45,794.5,807.75,17058854.0
2025-05-16,804.0,804.0,791.0,792.1,14733924.0
2025-05-19,792.1,801.4,792.1,795.0,10666184.0
2025-05-20,798.15,799.4,783.8,785.65,11324667.0
2025-05-21,787.0,791.0,779.1,787.1,8206040.0
2025-05-22,788.0,788.2,780.3,785.25,7355826.0
2025-05-23,787.9,794.95,786.2,790.5,5534158.0
2025-05-26,792.0,797.55,789.2,794.4,4965466.0
2025-05-27,798.0,798.0,798.0,793.7,15.0
2025-05-28,794.5,798.9,792.65,796.55,6873519.0
2025-05-29,799.0,800.4,791.35,797.35,14034127.0
2025-05-30,798.0,814.5,792.6,812.3,22037314.0
2025-06-02,812.85,822.55,809.2,813.65,26891575.0
2025-06-03,816.2,818.4,805.15,809.8,14247597.0
2025-06-04,817.0,817.0,805.25,806.5,9607927.0
2025-06-05,808.7,811.7,802.85,806.0,13595507.0
2025-06-06,806.65,816.45,803.1,813.05,17163935.0
2025-06-09,817.4,824.5,815.7,820.05,12793040.0
2025-06-10,821.0,822.05,814.6,817.05,6560513.0
2025-06-11,817.0,820.6,813.05,815.05,7197825.0
2025-06-12,816.0,816.5,801.2,805.95,13448521.0
2025-06-13,786.25,796.3,786.25,792.35,11377117.0
2025-06-16,792.5,795.4,786.15,792.5,8085001.0
2025-06-17,794.0,798.85,790.55,792.3,7753156.0
2025-06-18,792.5,795.5,788.35,791.9,5710169.0
2025-06-19,792.35,793.25,781.7,785.1,11824333.0
2025-06-20,787.5,799.45,786.1,796.15,11367669.0
2025-06-23,790.0,794.95,788.5,790.2,5549253.0
2025-06-24,799.0,806.65,793.65,795.4,11402190.0
2025-06-25,799.5,803.8,796.1,800.05,6528324.0
2025-06-26,802.0,803.35,791.4,797.05,24704402.0
2025-06-27,805.0,809.45,802.65,805.4,19375990.0
2025-06-30,809.0,821.0,807.05,820.35,19652607.0
2025-07-01,820.0,824.9,813.25,820.3,11456405.0
2025-07-02,821.0,824.05,809.0,812.9,6661200.0
2025-07-03,813.5,814.5,805.8,807.1,7020403.0
2025-07-04,808.75,813.85,804.1,811.85,4319538.0
2025-07-07,811.2,812.65,805.15,806.85,4461783.0
2025-07-08,807.9,813.55,805.35,812.65,5935770.0
2025-07-09,810.0,812.45,809.0,810.95,4099112.0
2025-07-10,811.3,815.5,806.9,808.0,12178137.0
2025-07-11,806.0,806.0,806.0,808.65,1.0
2025-07-14,809.8,815.5,808.0,808.85,6938635.0
2025-07-15,811.0,821.0,810.5,816.45,9297645.0
2025-07-16,816.0,834.2,815.3,831.7,16458920.0
2025-07-17,838.4,842.5,826.35,829.0,23073718.0
2025-07-18,832.0,832.65,820.25,823.35,15387801.0
2025-07-21,823.0,827.35,817.95,824.2,8852594.0
2025-07-22,827.5,828.05,814.0,815.0,7851163.0
2025-07-23,812.5,825.2,811.5,820.65,15470390.0
2025-07-24,820.0,821.95,810.65,815.7,10118309.0
2025-07-25,815.0,819.2,805.5,806.55,6734439.0
2025-07-28,806.55,808.95,796.0,797.15,7734158.0
2025-07-29,796.2,800.0,793.1,799.2,7833759.0
2025-07-30,798.95,803.4,796.2,801.65,8743723.0
2025-07-31,795.1,803.8,792.55,796.55,11359112.0
2025-08-01,795.7,801.0,792.0,794.0,15468391.0
2025-08-04,794.5,797.2,786.55,795.7,8820724.0
2025-08-05,798.0,804.05,796.3,800.6,7381537.0
2025-08-06,800.95,810.2,799.0,805.15,7409396.0
2025-08-07,801.1,806.65,793.4,805.15,7091392.0
2025-08-08,805.0,807.8,790.0,804.3,15708181.0
2025-08-11,808.0,825.0,808.0,823.45,15236297.0
2025-08-12,824.95,825.5,820.0,820.6,7986728.0
2025-08-13,822.65,824.95,820.65,821.85,4447508.0
2025-08-14,822.0,828.0,819.1,826.55,7087573.0
2025-08-18,836.0,838.0,825.15,827.65,6138124.0
2025-08-19,827.5,831.0,825.8,830.4,5076681.0
2025-08-20,828.7,831.9,827.4,828.95,4493888.0
2025-08-21,828.95,833.25,824.05,825.7,4402511.0
2025-08-22,824.0,826.0,815.7,816.25,5097647.0
2025-08-25,817.45,820.5,814.2,816.45,5672898.0
2025-08-26,814.85,815.85,806.75,807.85,6997817.0
2025-08-28,807.25,811.0,800.65,801.95,7898436.0
2025-08-29,800.7,806.7,798.5,802.5,6861440.0
2025-09-01,803.1,808.3,802.65,806.05,5619805.0
2025-09-02,806.3,810.5,802.65,803.9,5075460.0
2025-09-03,804.3,813.3,803.0,812.15,4261589.0
2025-09-04,814.65,816.75,808.0,809.4,4471950.0
2025-09-05,811.5,812.5,803.65,806.6,5194842.0
2025-09-08,808.0,813.85,806.8,808.8,4614227.0
2025-09-09,812.0,812.35,805.6,808.85,4567272.0
2025-09-10,812.0,824.6,810.4,818.2,7285853.0
2025-09-11,819.1,825.7,819.0,823.65,7425055.0
2025-09-12,824.1,825.8,819.8,823.55,5078018.0
2025-09-15,823.55,827.8,821.1,824.75,3852494.0
2025-09-16,825.1,833.0,821.65,831.55,9467531.0
2025-09-17,834.3,858.15,831.0,857.15,17243938.0
2025-09-18,858.65,860.8,851.1,854.35,10400847.0
2025-09-19,852.0,864.45,849.3,862.35,15206426.0
2025-09-22,862.0,868.2,854.0,855.25,6594034.0
2025-09-23,854.6,874.25,851.2,870.6,14357863.0
2025-09-24,876.0,880.5,864.45,866.2,12840160.0
2025-09-25,866.55,870.15,859.95,861.15,8678821.0
2025-09-26,862.0,864.35,853.0,856.95,6959545.0
2025-09-29,858.05,873.5,856.0,870.75,22641712.0
2025-09-30,869.95,877.6,867.6,872.45,12831593.0
2025-10-01,872.3,876.45,862.8,864.1,10832384.0
2025-10-03,865.15,873.0,863.8,867.3,8019442.0
2025-10-06,868.0,875.3,862.8,874.05,7820352.0
2025-10-07,870.0,870.0,870.0,870.0,541065.0
2025-10-08,861.5,861.5,861.5,861.5,541064.0
2025-10-09,861.6,865.8,858.1,862.1,7020501.0
2025-10-10,871.0,871.0,870.85,880.65,3.0
2025-10-13,879.0,888.1,876.0,882.95,11923143.0
2025-10-14,883.0,884.15,872.1,876.95,7681973.0
2025-10-15,878.1,887.5,877.05,886.1,8269225.0
2025-10-16,888.3,891.85,882.45,886.95,8493686.0
2025-10-17,887.5,894.75,883.0,889.15,8511854.0
2025-10-20,894.6,913.65,891.05,907.5,13546463.0
2025-10-21,908.0,910.0,906.4,907.85,1783576.0
2025-10-23,912.0,918.0,904.8,911.55,13382769.0
2025-10-24,910.95,914.1,900.95,904.5,5313227.0
2025-10-27,906.95,928.0,906.0,922.75,9150761.0
2025-10-28,927.1,935.85,917.7,930.25,22066289.0
2025-10-29,933.9,942.05,930.25,939.75,12314222.0
2025-10-30,939.45,944.9,933.05,934.35,13044473.0
2025-10-31,934.9,946.7,930.25,937.0,12078252.0
2025-11-03,938.75,953.4,937.5,949.7,11744735.0
2025-11-04,951.0,959.3,941.5,957.6,19154518.0
2025-11-06,969.65,971.4,955.3,960.75,23088096.0
2025-11-07,958.75,964.85,944.0,955.85,13371323.0
2025-11-10,956.0,963.2,949.1,951.15,7343249.0
2025-11-11,953.6,954.95,945.05,953.3,8648917.0
2025-11-12,957.7,961.55,951.4,957.15,7043323.0
2025-11-13,954.25,963.95,952.45,954.0,8894441.0
2025-11-14,952.95,969.05,952.0,967.85,11032927.0
2025-11-17,971.0,976.0,968.5,973.35,7415026.0
2025-11-18,973.35,973.35,973.35,973.35,7275312.0
2025-11-19,972.45,984.45,968.8,982.75,8291226.0
2025-11-20,986.0,986.6,979.35,981.55,6440857.0
2025-11-21,979.7,980.6,971.05,972.6,5377241.0
2025-11-24,975.55,977.7,968.05,970.6,9901946.0
2025-11-25,975.55,988.95,971.35,983.6,9140201.0
2025-11-26,986.6,999.0,982.15,983.9,13943490.0
2025-11-27,986.7,988.55,968.9,972.85,11909168.0
2025-11-28,976.8,983.0,973.05,979.0,8117842.0
2025-12-01,985.45,991.2,969.85,973.1,8808306.0
2025-12-02,976.0,980.45,964.9,967.3,13444314.0
2025-12-03,970.45,972.55,947.55,951.05,14051968.0
2025-12-04,951.05,952.55,944.45,948.1,13622724.0
2025-12-05,948.85,973.3,946.7,971.5,17347847.0
2025-12-08,970.85,972.5,951.7,956.4,15386438.0
2025-12-09,954.8,964.0,950.45,959.35,9580294.0
2025-12-10,960.1,963.95,955.25,959.75,6989178.0
2025-12-11,962.1,966.5,958.45,963.25,5979035.0
2025-12-12,966.0,967.0,958.0,963.15,5681930.0
2025-12-15,957.25,968.85,957.25,967.25,4416952.0
2025-12-16,966.05,969.0,958.05,961.15,4764786.0
2025-12-17,965.55,978.5,964.3,975.85,8013382.0
2025-12-18,977.9,981.45,973.5,977.55,4926879.0
2025-12-19,979.95,982.0,977.05,980.3,5376584.0
2025-12-22,981.1,983.0,972.55,974.3,5959037.0
2025-12-23,976.3,977.55,970.7,971.9,5123287.0
2025-12-24,973.2,977.3,967.5,968.95,4105643.0
2025-12-26,968.95,971.0,964.75,966.3,3286321.0
2025-12-29,966.9,968.9,961.45,965.05,5267233.0
2025-12-30,963.0,976.2,959.5,973.45,15030644.0
2025-12-31,975.25,985.65,973.5,982.2,5807630.0
2026-01-01,983.2,987.65,980.35,984.75,4328348.0
2026-01-02,984.5,1009.5,983.95,998.95,7357435.0
2026-01-05,1000.0,1015.5,1000.0,1005.55,11259060.0
2026-01-06,1007.95,1024.0,1004.95,1018.9,9575742.0
2026-01-07,1022.7,1022.7,1004.0,1007.15,7896720.0
2026-01-08,1006.6,1011.6,995.85,998.0,6854268.0
2026-01-09,996.0,1008.0,994.0,1000.5,7809460.0
2026-01-12,1008.0,1017.25,996.0,1015.15,7617922.0
2026-01-13,1022.8,1029.5,1016.0,1028.45,11016895.0
2026-01-14,1030.0,1030.4,1020.5,1028.35,7370514.0
2026-01-16,1032.0,1047.45,1028.4,1042.3,11051580.0
2026-01-19,1035.0,1043.6,1034.0,1038.4,5460164.0
2026-01-20,1039.75,1052.0,1033.05,1036.4,8905718.0
2026-01-21,1032.0,1040.6,1022.0,1028.65,7408949.0
2026-01-22,1035.0,1055.5,1034.05,1048.35,12001641.0
2026-01-23,1051.9,1053.0,1025.6,1029.5,10917698.0
2026-01-27,1034.1,1055.0,1030.25,1053.15,14420630.0
2026-01-28,1059.4,1065.6,1044.15,1063.5,12171257.0
2026-01-29,1063.0,1075.0,1060.3,1066.2,14800724.0
2026-01-30,1064.0,1082.5,1060.4,1077.15,9480769.0
2026-02-02,1019.9,1031.3,990.0,1028.7,14434549.0
2026-02-03,1087.0,1089.8,1040.3,1064.2,16129381.0
2026-02-04,1064.2,1073.9,1056.3,1068.2,7312276.0
2026-02-05,1068.2,1081.0,1067.5,1073.5,9551567.0
2026-02-06,1070.0,1073.6,1051.0,1066.4,7041557.0
2026-02-09,1120.0,1150.0,1100.5,1146.0,40852966.0
2026-02-10,1151.0,1154.0,1138.1,1144.1,17280036.0
2026-02-11,1144.7,1187.5,1142.8,1182.9,29491859.0
2026-02-12,1183.0,1203.7,1174.8,1192.4,33214985.0
2026-02-13,1189.0,1201.0,1184.5,1198.6,18141390.0
2026-02-16,1194.0,1212.3,1185.3,1208.1,14972739.0
2026-02-17,1206.1,1225.5,1204.1,1213.4,20107196.0
2026-02-18,1218.8,1224.1,1214.0,1218.9,10417264.0
2026-02-19,1222.9,1224.9,1199.2,1205.7,9630899.0
2026-02-20,1206.2,1218.0,1201.8,1216.1,9958162.0
2026-02-23,1222.0,1231.1,1217.1,1227.8,9733835.0
2026-02-24,1232.0,1234.7,1219.7,1223.3,15788449.0
2026-02-25,1228.1,1228.1,1197.5,1200.1,19581100.0
2026-02-26,1201.0,1215.4,1188.9,1209.5,16196052.0
2026-02-27,1207.0,1211.8,1198.6,1201.7,10700355.0
2026-03-02,1185.0,1197.3,1179.4,1189.9,16270835.0
2026-03-04,1172.1,1182.7,1157.6,1174.5,13855065.0
2026-03-05,1181.0,1183.2,1150.6,1169.5,22100665.0
2026-03-06,1168.5,1169.3,1138.0,1143.0,20333328.0
2026-03-09,1115.0,1115.0,1064.3,1098.5,24631198.0
2026-03-10,1111.1,1119.9,1104.5,1112.2,17491459.0
2026-03-11,1113.4,1115.9,1088.0,1091.1,8364878.0
2026-03-12,1075.1,1098.0,1070.5,1085.2,14614140.0
2026-03-13,1077.5,1081.3,1042.3,1047.0,15978675.0
2026-03-16,1048.7,1073.0,1036.1,1066.7,15322269.0
2026-03-17,1073.9,1073.9,1047.0,1064.7,16427877.0
2026-03-18,1067.5,1075.4,1061.3,1069.8,10749915.0
2026-03-19,1049.5,1059.7,1041.0,1048.9,13431191.0
2026-03-20,1058.4,1085.0,1054.0,1058.0,17748625.0
2026-03-23,1039.0,1045.6,1014.2,1031.9,16039603.0
2026-03-24,1055.2,1059.0,1020.0,1030.8,30416734.0
2026-03-25,1043.0,1065.5,1043.0,1060.6,16205333.0
2026-03-27,1051.3,1055.3,1013.0,1019.5,20445349.0
2026-03-30,1005.0,1009.4,975.8,979.4,21438137.0
2026-04-01,1008.0,1031.0,998.45,1017.8,17424479.0
2026-04-02,1000.0,1026.0,977.9,1018.4,20777629.0
2026-04-06,1020.0,1035.7,1005.05,1032.75,23576634.0
2026-04-07,1025.0,1033.7,1012.0,1030.4,15021291.0
2026-04-08,1074.0,1077.8,1059.45,1061.45,28533742.0
2026-04-09,1060.1,1064.35,1038.3,1040.95,24772948.0
2026-04-10,1049.0,1069.45,1046.15,1066.7,17861336.0
2026-04-13,1042.0,1067.25,1030.0,1063.55,17763348.0
2026-04-15,1076.0,1088.0,1068.2,1071.5,16195810.0
2026-04-16,1078.0,1084.15,1062.0,1067.15,20313165.0
2026-04-17,1067.0,1082.15,1060.0,1080.25,16823879.0
2026-04-20,1080.3,1120.95,1075.85,1107.85,31179584.0
2026-04-21,1113.4,1114.75,1105.95,1111.85,16963734.0
2026-04-22,1110.0,1117.85,1100.1,1103.3,12412659.0
2026-04-23,1095.0,1101.9,1082.2,1094.25,13669001.0
2026-04-24,1091.35,1106.0,1090.05,1101.1,13774745.0
2026-04-27,1110.95,1114.8,1103.4,1111.85,11624385.0
2026-04-28,1102.3,1110.5,1089.15,1091.3,10727835.0
2026-04-29,1094.0,1105.0,1084.25,1086.9,10611104.0
2026-04-30,1075.0,1077.7,1063.0,1068.45,14269539.0
2026-05-04,1063.6,1089.1,1063.6,1068.4,11693211.0
2026-05-05,1060.6,1068.5,1049.4,1059.9,12194631.0
2026-05-06,1072.0,1101.1,1061.2,1096.0,14384779.0
